[
  {
    "id": "p1",
    "type": "house",
    "price": 4500000,
    "bedrooms": 4,
    "dateAdded": "2024-01-15",
    "postcode": "Colombo",
    "shortDescription": "A cozy family house with a warm and welcoming atmosphere.",
    "longDescription": "house is designed for comfortable family living, offering spacious rooms filled with natural light. The layout provides a perfect balance between private and shared spaces, making it ideal for everyday life and special gatherings. With a peaceful environment and thoughtful design, this home is a wonderful place to relax and create lasting memories.",
    "floorPlan": "/images/floorplans/house1.png",
    "images": [
      "/images/house1/1.jpg",
      "/images/house1/2.jpg",
      "/images/house1/3.jpg",
      "/images/house1/4.jpg",
      "/images/house1/5.jpg",
      "/images/house1/6.jpg"
    ],
    "location": { "lat": 51.535, "lng": -0.14 }
  },
  {
    "id": "p2",
    "type": "flat",
    "price": 3200000,
    "bedrooms": 2,
    "dateAdded": "2024-02-10",
    "postcode": "Kandy",
    "shortDescription": "A bright flat with a comfortable layout.",
    "longDescription": "This well-designed flat features bright interiors and a comfortable flow between rooms. Natural light enhances the living space, creating a pleasant and welcoming environment. It is suitable for small families or working professionals looking for a practical yet cozy home.",
    "floorPlan": "/images/floorplans/flat1.jpg",
    "images": [
      "/images/flat1/1.jpg",
      "/images/flat1/2.jpg",
      "/images/flat1/3.jpg",
      "/images/flat1/4.jpg",
      "/images/flat1/5.png",
      "/images/flat1/6.jpg"
    ],
    "location": { "lat": 51.515, "lng": -0.07 }
  },
  {
    "id": "p3",
    "type": "house",
    "price": 6000000,
    "bedrooms": 5,
    "dateAdded": "2024-03-01",
    "postcode": "Negombo",
    "shortDescription": "A quiet house perfect for calm and private living.",
    "longDescription": "Located in a peaceful setting, this house offers a calm and relaxing lifestyle away from the noise of busy areas. The rooms are spacious and thoughtfully arranged to provide privacy and comfort. It is an ideal choice for individuals or families looking for a serene home where they can unwind and enjoy a slower pace of life.",
    "floorPlan": "/images/floorplans/house2.jpeg",
    "images": [
        "/images/house2/1.jpg", 
        "/images/house2/2.jpg", 
        "/images/house2/3.jpg", 
        "/images/house2/4.jpg", 
        "/images/house2/5.jpg", 
        "/images/house2/6.jpg"],
    "location": { "lat": 51.405, "lng": 0.015 }
  },
  {
    "id": "p4",
    "type": "flat",
    "price": 2800000,
    "bedrooms": 1,
    "dateAdded": "2024-03-20",
    "postcode": "Kalutara",
    "shortDescription": "A compact flat ideal for city living.",
    "longDescription": "This flat offers a smart and efficient layout, perfect for individuals or couples. It provides all essential living spaces in a compact design without feeling crowded. Convenient and easy to maintain, this flat is a great option for those who enjoy a simple and modern lifestyle.",
    "floorPlan": "/images/floorplans/flat2.jpg",
    "images": [
        "/images/flat2/1.jpg",
        "/images/flat2/2.jpg",
        "/images/flat2/3.jpg",
        "/images/flat2/4.jpg", 
        "/images/flat2/5.jpg", 
        "/images/flat2/6.png"],
    "location": { "lat": 51.498, "lng": -0.135 }
  },
  {
    "id": "p5",
    "type": "house",
    "price": 5200000,
    "bedrooms": 3,
    "dateAdded": "2024-04-05",
    "postcode": "Kurunegala",
    "shortDescription": "A modern house with elegant design and open spaces.",
    "longDescription": "This modern house features a stylish exterior and a well-planned interior that emphasizes openness and functionality. Large windows allow plenty of sunlight, creating a bright and airy feel throughout the home. The contemporary design, combined with practical living areas, makes this house perfect for those who appreciate comfort and modern living.",
    "floorPlan": "/images/floorplans/house3.jpg",
    "images": ["/images/house3/1.jpg",
               "/images/house3/2.jpg",
               "/images/house3/3.jpg",
               "/images/house3/4.jpg",
               "/images/house3/5.jpg",
               "/images/house3/6.jpg"],
    "location": { "lat": 51.482, "lng": 0.005 }
  },
  {
    "id": "p6",
    "type": "flat",
    "price": 3900000,
    "bedrooms": 2,
    "dateAdded": "2024-04-18",
    "postcode": "Colombo 04",
    "shortDescription": "A cozy apartment perfect for convenient city life.",
    "longDescription": "Designed with practicality in mind, this apartment features a well-planned layout that suits a single resident or a couple. It includes all the essentials in a compact space while still feeling open and comfortable. Low-maintenance and ideally located, it’s a great choice for a modern, simple lifestyle.",
    "floorPlan": "/images/floorplans/flat3.jpg",
    "images": [
        "/images/flat3/1.jpg", 
        "/images/flat3/2.jpg", 
        "/images/flat3/3.jpg", 
        "/images/flat3/4.jpg", 
        "/images/flat3/5.jpg", 
        "/images/flat3/6.jpg"],
    "location": { "lat": 51.54, "lng": -0.095 }
  },
  {
    "id": "p7",
    "type": "house",
    "price": 7500000,
    "bedrooms": 6,
    "dateAdded": "2024-05-01",
    "postcode": "Matara",
    "shortDescription": "Three-bedroom townhouse",
    "longDescription": "Townhouse near parks and schools.",
    "floorPlan": "/images/floorplans/house4.jpg",
    "images": [
        "/images/house4/1.jpg", 
        "/images/house4/2.jpg", 
        "/images/house4/3.jpg", 
        "/images/house4/4.jpg", 
        "/images/house4/5.jpg", 
        "/images/house4/6.jpg"],
    "location": { "lat": 51.412, "lng": -0.295 }
  }
]
